﻿[
  {
    "scenario": "xxx",
    "labelsOfVertexes": [
      {
        "itemLabel": "唐三藏",
        "color": "#513DD3"
      },
      {
        "itemLabel": "孙悟空",
        "color": "#075718"
      },
      {
        "itemLabel": "猪悟能",
        "color": "#589CB9"
      },
      {
        "itemLabel": "沙悟净",
        "color": "#778297"
      },
      {
        "itemLabel": "白龙马",
        "color": "#47D694"
      },
      {
        "itemLabel": "黄眉大王",
        "color": "#AA2DF8"
      },
      {
        "itemLabel": "赛太岁",
        "color": "#9C5626"
      },
      {
        "itemLabel": "青毛狮子",
        "color": "#65FC99"
      },
      {
        "itemLabel": "黄牙老象",
        "color": "#62EC37"
      },
      {
        "itemLabel": "金翅大鹏雕",
        "color": "#F735AB"
      },
      {
        "itemLabel": "狮猁怪",
        "color": "#ADC2CB"
      },
      {
        "itemLabel": "黄风怪",
        "color": "#F66266"
      },
      {
        "itemLabel": "灵感大王",
        "color": "#0620CC"
      },
      {
        "itemLabel": "蝎子精",
        "color": "#6DBB9C"
      },
      {
        "itemLabel": "金鼻白毛老鼠精",
        "color": "#AB1FBD"
      },
      {
        "itemLabel": "独角兕大王",
        "color": "#1FAF2E"
      },
      {
        "itemLabel": "九灵元圣",
        "color": "#9F7FB7"
      },
      {
        "itemLabel": "金角大王",
        "color": "#8BE1A7"
      },
      {
        "itemLabel": "银角大王",
        "color": "#E40CB3"
      },
      {
        "itemLabel": "黄袍怪",
        "color": "#D81D62"
      },
      {
        "itemLabel": "玉兔精",
        "color": "#CE3539"
      },
      {
        "itemLabel": "鼍龙",
        "color": "#7386EF"
      },
      {
        "itemLabel": "白鹿精",
        "color": "#6D98D1"
      },
      {
        "itemLabel": "白骨夫人",
        "color": "#EA8C9D"
      },
      {
        "itemLabel": "虎力大仙",
        "color": "#AB4CAE"
      },
      {
        "itemLabel": "鹿力大仙",
        "color": "#902820"
      },
      {
        "itemLabel": "羊力大仙",
        "color": "#090FD7"
      },
      {
        "itemLabel": "南山大王",
        "color": "#3781C9"
      },
      {
        "itemLabel": "辟寒大王",
        "color": "#79F2C4"
      },
      {
        "itemLabel": "辟暑大王",
        "color": "#271EDD"
      },
      {
        "itemLabel": "辟尘大王",
        "color": "#3E30C6"
      },
      {
        "itemLabel": "玉面狐狸",
        "color": "#833119"
      },
      {
        "itemLabel": "万圣公主",
        "color": "#B33B5E"
      },
      {
        "itemLabel": "蟒蛇精",
        "color": "#EC7835"
      },
      {
        "itemLabel": "蜘蛛精",
        "color": "#C96898"
      },
      {
        "itemLabel": "六耳猕猴",
        "color": "#99787C"
      },
      {
        "itemLabel": "白面狐狸",
        "color": "#F4EBDD"
      },
      {
        "itemLabel": "熊罴怪",
        "color": "#ACCDF4"
      },
      {
        "itemLabel": "红孩儿",
        "color": "#5FFDBB"
      },
      {
        "itemLabel": "多目怪",
        "color": "#EB6EBD"
      },
      {
        "itemLabel": "铁扇公主",
        "color": "#64BBA8"
      },
      {
        "itemLabel": "牛魔王",
        "color": "#7DB5B1"
      },
      {
        "itemLabel": "九头虫",
        "color": "#1548AC"
      },
      {
        "itemLabel": "杏仙",
        "color": "#012819"
      },
      {
        "itemLabel": "孤直公",
        "color": "#68F725"
      },
      {
        "itemLabel": "浮云叟",
        "color": "#6B63D5"
      },
      {
        "itemLabel": "凌空子",
        "color": "#90A25C"
      },
      {
        "itemLabel": "黄狮精",
        "color": "#7915B0"
      },
      {
        "itemLabel": "万圣龙王",
        "color": "#0F7E4F"
      },
      {
        "itemLabel": "六狮",
        "color": "#C34B56"
      },
      {
        "itemLabel": "如意真仙",
        "color": "#E3B573"
      },
      {
        "itemLabel": "太阴星君",
        "color": "#3F860C"
      },
      {
        "itemLabel": "太上老君",
        "color": "#2CD931"
      },
      {
        "itemLabel": "观音菩萨",
        "color": "#23F65E"
      },
      {
        "itemLabel": "文殊菩萨",
        "color": "#F12185"
      },
      {
        "itemLabel": "普贤菩萨",
        "color": "#9887A8"
      },
      {
        "itemLabel": "灵吉菩萨",
        "color": "#54900B"
      },
      {
        "itemLabel": "如来佛祖",
        "color": "#28E1E0"
      },
      {
        "itemLabel": "太乙救苦天尊",
        "color": "#8507AD"
      },
      {
        "itemLabel": "寿星",
        "color": "#707F38"
      },
      {
        "itemLabel": "西海龙王",
        "color": "#5BEFE5"
      },
      {
        "itemLabel": "摩昂太子",
        "color": "#1FA621"
      },
      {
        "itemLabel": "哪吒",
        "color": "#A6DB99"
      },
      {
        "itemLabel": "木吒",
        "color": "#F49F1E"
      },
      {
        "itemLabel": "卯日星官",
        "color": "#72D6A9"
      },
      {
        "itemLabel": "毗蓝婆菩萨",
        "color": "#E36276"
      },
      {
        "itemLabel": "孔雀大明王菩萨",
        "color": "#FCF8CC"
      },
      {
        "itemLabel": "托塔天王",
        "color": "#D3785B"
      },
      {
        "itemLabel": "玉皇大帝",
        "color": "#5E24C8"
      },
      {
        "itemLabel": "弥勒佛",
        "color": "#CC7805"
      },
      {
        "itemLabel": "二郎神",
        "color": "#E49415"
      },
      {
        "itemLabel": "太白金星",
        "color": "#AC8387"
      },
      {
        "itemLabel": "车迟集团",
        "color": "#E5B5B0"
      },
      {
        "itemLabel": "狮驼集团",
        "color": "#B36FBA"
      },
      {
        "itemLabel": "昆虫集团",
        "color": "#2D337E"
      },
      {
        "itemLabel": "西天同学会",
        "color": "#0A504C"
      },
      {
        "itemLabel": "木仙庵",
        "color": "#180F07"
      },
      {
        "itemLabel": "井木犴",
        "color": "#25407C"
      },
      {
        "itemLabel": "下级",
        "color": "#3B673C"
      },
      {
        "itemLabel": "上级",
        "color": "#FABA9D"
      },
      {
        "itemLabel": "妻子",
        "color": "#B95788"
      },
      {
        "itemLabel": "丈夫",
        "color": "#49CAEB"
      },
      {
        "itemLabel": "儿子",
        "color": "#E1D43E"
      },
      {
        "itemLabel": "父亲",
        "color": "#6F7832"
      },
      {
        "itemLabel": "母亲",
        "color": "#FE3A2F"
      },
      {
        "itemLabel": "女儿",
        "color": "#B87B7E"
      },
      {
        "itemLabel": "兄弟",
        "color": "#00D86C"
      },
      {
        "itemLabel": "组成",
        "color": "#FD9F7F"
      },
      {
        "itemLabel": "孙子",
        "color": "#1129AC"
      },
      {
        "itemLabel": "祖父",
        "color": "#4A16C4"
      },
      {
        "itemLabel": "亲戚",
        "color": "#9DE7B7"
      },
      {
        "itemLabel": "奴仆",
        "color": "#B42874"
      },
      {
        "itemLabel": "主人",
        "color": "#EBB1B4"
      },
      {
        "itemLabel": "杀死",
        "color": "#FFB836"
      },
      {
        "itemLabel": "打伤",
        "color": "#86DBC1"
      },
      {
        "itemLabel": "收服",
        "color": "#E0970B"
      }
    ],
    "relationTypesOfEdges": []
  }
]