﻿[
  {
    "id": "6bd72d33-9ab4-45d8-bff4-959716d3e3d1",
    "intentName": "testeest",
    "similarWord": "唐三藏",
    "entityValue": "唐三藏",
    "entityType": "NodeName"
  },
  {
    "id": "ef173f88-83d1-4781-86b4-8fb0651b401b",
    "intentName": "testeest",
    "similarWord": "孙悟空",
    "entityValue": "孙悟空",
    "entityType": "NodeName"
  },
  {
    "id": "cb643fc0-5041-4180-b411-ff094079a9d3",
    "intentName": "testeest",
    "similarWord": "猪悟能",
    "entityValue": "猪悟能",
    "entityType": "NodeName"
  },
  {
    "id": "5ef6bf34-19ae-447e-903b-6d8841ea0153",
    "intentName": "testeest",
    "similarWord": "沙悟净",
    "entityValue": "沙悟净",
    "entityType": "NodeName"
  },
  {
    "id": "e1a5575b-e968-4f93-90b8-0dd292e98b03",
    "intentName": "testeest",
    "similarWord": "白龙马",
    "entityValue": "白龙马",
    "entityType": "NodeName"
  },
  {
    "id": "30f166ac-9bb8-4959-a516-4a432364f8ab",
    "intentName": "testeest",
    "similarWord": "黄眉大王",
    "entityValue": "黄眉大王",
    "entityType": "NodeName"
  },
  {
    "id": "1400c95c-b40c-4234-9f6a-2a411281871a",
    "intentName": "testeest",
    "similarWord": "赛太岁",
    "entityValue": "赛太岁",
    "entityType": "NodeName"
  },
  {
    "id": "93304c55-a508-4447-aa21-1bec9ff58aad",
    "intentName": "testeest",
    "similarWord": "青毛狮子",
    "entityValue": "青毛狮子",
    "entityType": "NodeName"
  },
  {
    "id": "717668f2-9b6f-457f-864e-91a9575caa09",
    "intentName": "testeest",
    "similarWord": "黄牙老象",
    "entityValue": "黄牙老象",
    "entityType": "NodeName"
  },
  {
    "id": "d5f77059-07c8-4491-9fbb-2d95f397b05f",
    "intentName": "testeest",
    "similarWord": "金翅大鹏雕",
    "entityValue": "金翅大鹏雕",
    "entityType": "NodeName"
  },
  {
    "id": "ca0b1933-c115-4964-8d16-32d7e8674c13",
    "intentName": "testeest",
    "similarWord": "狮猁怪",
    "entityValue": "狮猁怪",
    "entityType": "NodeName"
  },
  {
    "id": "974e6df9-eb85-4440-96ba-5b53b724b56f",
    "intentName": "testeest",
    "similarWord": "黄风怪",
    "entityValue": "黄风怪",
    "entityType": "NodeName"
  },
  {
    "id": "242be1bc-0ee9-4e89-b3e1-820c5673a331",
    "intentName": "testeest",
    "similarWord": "灵感大王",
    "entityValue": "灵感大王",
    "entityType": "NodeName"
  },
  {
    "id": "01d659d0-39f2-4141-b731-acbfc44a9de7",
    "intentName": "testeest",
    "similarWord": "蝎子精",
    "entityValue": "蝎子精",
    "entityType": "NodeName"
  },
  {
    "id": "41e9c478-a778-473e-9a80-967b8c796030",
    "intentName": "testeest",
    "similarWord": "金鼻白毛老鼠精",
    "entityValue": "金鼻白毛老鼠精",
    "entityType": "NodeName"
  },
  {
    "id": "4e764cd0-721e-4e87-ae0b-a97d8903c2ca",
    "intentName": "testeest",
    "similarWord": "独角兕大王",
    "entityValue": "独角兕大王",
    "entityType": "NodeName"
  },
  {
    "id": "6e533e19-b78d-4702-9500-0d0ed09017b1",
    "intentName": "testeest",
    "similarWord": "九灵元圣",
    "entityValue": "九灵元圣",
    "entityType": "NodeName"
  },
  {
    "id": "6b0f670c-c4a4-4bd1-b024-db4e5a64ff30",
    "intentName": "testeest",
    "similarWord": "金角大王",
    "entityValue": "金角大王",
    "entityType": "NodeName"
  },
  {
    "id": "3cf9b896-0b7c-47e7-859b-3dd0112ecab8",
    "intentName": "testeest",
    "similarWord": "银角大王",
    "entityValue": "银角大王",
    "entityType": "NodeName"
  },
  {
    "id": "5cdb0733-45e0-47cf-9125-26b2240824bc",
    "intentName": "testeest",
    "similarWord": "黄袍怪",
    "entityValue": "黄袍怪",
    "entityType": "NodeName"
  },
  {
    "id": "c55ddeb5-7e61-44c7-93b8-2bc58b5db1f2",
    "intentName": "testeest",
    "similarWord": "玉兔精",
    "entityValue": "玉兔精",
    "entityType": "NodeName"
  },
  {
    "id": "eee6b213-7f29-48d7-9258-affe082d0f24",
    "intentName": "testeest",
    "similarWord": "鼍龙",
    "entityValue": "鼍龙",
    "entityType": "NodeName"
  },
  {
    "id": "7ae200e3-0f3d-4c1b-b358-da118b94186c",
    "intentName": "testeest",
    "similarWord": "白鹿精",
    "entityValue": "白鹿精",
    "entityType": "NodeName"
  },
  {
    "id": "681b033b-e479-4f9a-ab13-4e95f96432c7",
    "intentName": "testeest",
    "similarWord": "白骨夫人",
    "entityValue": "白骨夫人",
    "entityType": "NodeName"
  },
  {
    "id": "e5dac1ab-5807-40a7-8a83-61b6188d44ea",
    "intentName": "testeest",
    "similarWord": "虎力大仙",
    "entityValue": "虎力大仙",
    "entityType": "NodeName"
  },
  {
    "id": "ef9d903e-fd22-4e60-b167-d12f8f200322",
    "intentName": "testeest",
    "similarWord": "鹿力大仙",
    "entityValue": "鹿力大仙",
    "entityType": "NodeName"
  },
  {
    "id": "2f3b7e75-6ae2-4958-ac18-3d44c3f9df93",
    "intentName": "testeest",
    "similarWord": "羊力大仙",
    "entityValue": "羊力大仙",
    "entityType": "NodeName"
  },
  {
    "id": "3484e049-fbec-479d-93f2-05a038608459",
    "intentName": "testeest",
    "similarWord": "南山大王",
    "entityValue": "南山大王",
    "entityType": "NodeName"
  },
  {
    "id": "2b038fe4-a0f6-4b39-8d15-e17a3af460dc",
    "intentName": "testeest",
    "similarWord": "辟寒大王",
    "entityValue": "辟寒大王",
    "entityType": "NodeName"
  },
  {
    "id": "d5e26ac2-8ac9-4ccc-b25d-49a693b8038d",
    "intentName": "testeest",
    "similarWord": "辟暑大王",
    "entityValue": "辟暑大王",
    "entityType": "NodeName"
  },
  {
    "id": "288a2bed-61a0-40dc-ab90-2cbc28906885",
    "intentName": "testeest",
    "similarWord": "辟尘大王",
    "entityValue": "辟尘大王",
    "entityType": "NodeName"
  },
  {
    "id": "e99b30e2-ed46-4a3a-900e-c46cf15c7db1",
    "intentName": "testeest",
    "similarWord": "玉面狐狸",
    "entityValue": "玉面狐狸",
    "entityType": "NodeName"
  },
  {
    "id": "4c5f6aab-c440-488d-9635-fa78fa4cb442",
    "intentName": "testeest",
    "similarWord": "万圣公主",
    "entityValue": "万圣公主",
    "entityType": "NodeName"
  },
  {
    "id": "e67b4aea-bb2e-4879-b85a-d0607aaf1fff",
    "intentName": "testeest",
    "similarWord": "蟒蛇精",
    "entityValue": "蟒蛇精",
    "entityType": "NodeName"
  },
  {
    "id": "7b710527-00cf-4019-acbf-10681a902b36",
    "intentName": "testeest",
    "similarWord": "蜘蛛精",
    "entityValue": "蜘蛛精",
    "entityType": "NodeName"
  },
  {
    "id": "879fa5f9-f7e3-48bb-94b1-16220a6a91c9",
    "intentName": "testeest",
    "similarWord": "六耳猕猴",
    "entityValue": "六耳猕猴",
    "entityType": "NodeName"
  },
  {
    "id": "570b4ecb-1ce2-45c0-b24c-2926e2a50d83",
    "intentName": "testeest",
    "similarWord": "白面狐狸",
    "entityValue": "白面狐狸",
    "entityType": "NodeName"
  },
  {
    "id": "3eb33ce4-7b12-407a-9707-9ddddbb1b188",
    "intentName": "testeest",
    "similarWord": "熊罴怪",
    "entityValue": "熊罴怪",
    "entityType": "NodeName"
  },
  {
    "id": "806de477-044a-493d-89f8-39d41a99a927",
    "intentName": "testeest",
    "similarWord": "红孩儿",
    "entityValue": "红孩儿",
    "entityType": "NodeName"
  },
  {
    "id": "76e85efa-cc5c-4d5c-9e8a-8337296ca969",
    "intentName": "testeest",
    "similarWord": "多目怪",
    "entityValue": "多目怪",
    "entityType": "NodeName"
  },
  {
    "id": "26e74a51-9241-4804-ac54-01b09854da49",
    "intentName": "testeest",
    "similarWord": "铁扇公主",
    "entityValue": "铁扇公主",
    "entityType": "NodeName"
  },
  {
    "id": "2809da18-bf67-4721-84e0-367547ef0d71",
    "intentName": "testeest",
    "similarWord": "牛魔王",
    "entityValue": "牛魔王",
    "entityType": "NodeName"
  },
  {
    "id": "c702c41c-3ef5-49d4-8f81-aa7921256f06",
    "intentName": "testeest",
    "similarWord": "九头虫",
    "entityValue": "九头虫",
    "entityType": "NodeName"
  },
  {
    "id": "5c6a455a-8300-4f03-82e4-3c2286c56a12",
    "intentName": "testeest",
    "similarWord": "杏仙",
    "entityValue": "杏仙",
    "entityType": "NodeName"
  },
  {
    "id": "1860efd8-2c59-4065-b440-85f1754fd306",
    "intentName": "testeest",
    "similarWord": "孤直公",
    "entityValue": "孤直公",
    "entityType": "NodeName"
  },
  {
    "id": "6ac6263a-93ce-42bf-90bd-89aecfd4be59",
    "intentName": "testeest",
    "similarWord": "浮云叟",
    "entityValue": "浮云叟",
    "entityType": "NodeName"
  },
  {
    "id": "cb362f0e-983d-4b09-b947-04818ce245f7",
    "intentName": "testeest",
    "similarWord": "凌空子",
    "entityValue": "凌空子",
    "entityType": "NodeName"
  },
  {
    "id": "d27c48b7-fed6-4d93-861b-21308c504732",
    "intentName": "testeest",
    "similarWord": "黄狮精",
    "entityValue": "黄狮精",
    "entityType": "NodeName"
  },
  {
    "id": "4534a2c4-da38-4e51-949c-d27a66b79e74",
    "intentName": "testeest",
    "similarWord": "万圣龙王",
    "entityValue": "万圣龙王",
    "entityType": "NodeName"
  },
  {
    "id": "37079bef-d8ee-49b3-8a0f-8c093a8493ac",
    "intentName": "testeest",
    "similarWord": "六狮",
    "entityValue": "六狮",
    "entityType": "NodeName"
  },
  {
    "id": "43c56627-0de7-4038-a7ff-ef8bf6fa40d9",
    "intentName": "testeest",
    "similarWord": "如意真仙",
    "entityValue": "如意真仙",
    "entityType": "NodeName"
  },
  {
    "id": "1935146f-bdbb-4d01-8a44-a0ff74632de3",
    "intentName": "testeest",
    "similarWord": "太阴星君",
    "entityValue": "太阴星君",
    "entityType": "NodeName"
  },
  {
    "id": "7af3e3c3-bc5b-47cc-b7bf-3eaf3aaae636",
    "intentName": "testeest",
    "similarWord": "太上老君",
    "entityValue": "太上老君",
    "entityType": "NodeName"
  },
  {
    "id": "d0090936-5104-466c-806c-4c56514505b5",
    "intentName": "testeest",
    "similarWord": "观音菩萨",
    "entityValue": "观音菩萨",
    "entityType": "NodeName"
  },
  {
    "id": "654ca934-d9af-49bc-9634-f9eb84fadd4f",
    "intentName": "testeest",
    "similarWord": "文殊菩萨",
    "entityValue": "文殊菩萨",
    "entityType": "NodeName"
  },
  {
    "id": "b5c09f5d-c729-4dad-a5dd-9cc26e946273",
    "intentName": "testeest",
    "similarWord": "普贤菩萨",
    "entityValue": "普贤菩萨",
    "entityType": "NodeName"
  },
  {
    "id": "76188f5e-e690-4d6a-a13b-4ee2f0449753",
    "intentName": "testeest",
    "similarWord": "灵吉菩萨",
    "entityValue": "灵吉菩萨",
    "entityType": "NodeName"
  },
  {
    "id": "2f73ca57-7b8f-4351-8628-a6302e8c197d",
    "intentName": "testeest",
    "similarWord": "如来佛祖",
    "entityValue": "如来佛祖",
    "entityType": "NodeName"
  },
  {
    "id": "7fbd3573-b2b2-4692-af97-e5b9fca25a8e",
    "intentName": "testeest",
    "similarWord": "太乙救苦天尊",
    "entityValue": "太乙救苦天尊",
    "entityType": "NodeName"
  },
  {
    "id": "04dbcb7e-ee8e-43d3-9679-6aae32e8d434",
    "intentName": "testeest",
    "similarWord": "寿星",
    "entityValue": "寿星",
    "entityType": "NodeName"
  },
  {
    "id": "0b071611-0d4b-4269-a6cd-9c181e15c023",
    "intentName": "testeest",
    "similarWord": "西海龙王",
    "entityValue": "西海龙王",
    "entityType": "NodeName"
  },
  {
    "id": "63ebd8f9-af9f-4d47-843b-d5f27a6be656",
    "intentName": "testeest",
    "similarWord": "摩昂太子",
    "entityValue": "摩昂太子",
    "entityType": "NodeName"
  },
  {
    "id": "19cff520-075f-4bbc-90fe-97c1275c6c2e",
    "intentName": "testeest",
    "similarWord": "哪吒",
    "entityValue": "哪吒",
    "entityType": "NodeName"
  },
  {
    "id": "2f73328e-4052-482e-816c-92de57cf5cca",
    "intentName": "testeest",
    "similarWord": "木吒",
    "entityValue": "木吒",
    "entityType": "NodeName"
  },
  {
    "id": "0636de06-9317-4db4-b563-6c4b322cc5bb",
    "intentName": "testeest",
    "similarWord": "卯日星官",
    "entityValue": "卯日星官",
    "entityType": "NodeName"
  },
  {
    "id": "8a760767-df61-4333-be99-6cedfa32188a",
    "intentName": "testeest",
    "similarWord": "毗蓝婆菩萨",
    "entityValue": "毗蓝婆菩萨",
    "entityType": "NodeName"
  },
  {
    "id": "0d628c08-2880-47c0-98d2-432941d36c6b",
    "intentName": "testeest",
    "similarWord": "孔雀大明王菩萨",
    "entityValue": "孔雀大明王菩萨",
    "entityType": "NodeName"
  },
  {
    "id": "549a4dc6-622b-40bc-98cf-26daf5ea039b",
    "intentName": "testeest",
    "similarWord": "托塔天王",
    "entityValue": "托塔天王",
    "entityType": "NodeName"
  },
  {
    "id": "059ccf22-1562-4f8d-ba77-026b110335b3",
    "intentName": "testeest",
    "similarWord": "玉皇大帝",
    "entityValue": "玉皇大帝",
    "entityType": "NodeName"
  },
  {
    "id": "74cbe703-b3c1-49ad-b742-63356ffba96d",
    "intentName": "testeest",
    "similarWord": "弥勒佛",
    "entityValue": "弥勒佛",
    "entityType": "NodeName"
  },
  {
    "id": "89647796-3051-4f2b-a8e3-7c6268e773b8",
    "intentName": "testeest",
    "similarWord": "二郎神",
    "entityValue": "二郎神",
    "entityType": "NodeName"
  },
  {
    "id": "44bc02fd-135c-4d43-b5e8-e659fe778eab",
    "intentName": "testeest",
    "similarWord": "太白金星",
    "entityValue": "太白金星",
    "entityType": "NodeName"
  },
  {
    "id": "9ff9a6ec-db77-4257-be45-fd86ea2e5860",
    "intentName": "testeest",
    "similarWord": "车迟集团",
    "entityValue": "车迟集团",
    "entityType": "NodeName"
  },
  {
    "id": "7d07a99f-83f0-4138-9083-8f1df4979066",
    "intentName": "testeest",
    "similarWord": "狮驼集团",
    "entityValue": "狮驼集团",
    "entityType": "NodeName"
  },
  {
    "id": "0181e4fc-fcce-4679-aa23-2c7ae7259685",
    "intentName": "testeest",
    "similarWord": "昆虫集团",
    "entityValue": "昆虫集团",
    "entityType": "NodeName"
  },
  {
    "id": "ffdd98ad-4e6a-4293-b95e-97fc9e9717ce",
    "intentName": "testeest",
    "similarWord": "西天同学会",
    "entityValue": "西天同学会",
    "entityType": "NodeName"
  },
  {
    "id": "eebf8e71-cc49-4a5c-9354-a0a55671d0cc",
    "intentName": "testeest",
    "similarWord": "木仙庵",
    "entityValue": "木仙庵",
    "entityType": "NodeName"
  },
  {
    "id": "e4421a1a-fc01-40b2-8fdb-5b3ac3c7046f",
    "intentName": "testeest",
    "similarWord": "井木犴",
    "entityValue": "井木犴",
    "entityType": "NodeName"
  },
  {
    "id": "b058e314-b752-45b5-b38b-e9c6ec8ddddc",
    "intentName": "testeest",
    "similarWord": "别称",
    "entityValue": "别称",
    "entityType": "PropertyName"
  },
  {
    "id": "10aa8a27-5455-43db-9cb5-b0167bd46573",
    "intentName": "testeest",
    "similarWord": "原形",
    "entityValue": "原形",
    "entityType": "PropertyName"
  },
  {
    "id": "0b374171-3aae-43aa-a208-d10054d55bd2",
    "intentName": "testeest",
    "similarWord": "所在地",
    "entityValue": "所在地",
    "entityType": "PropertyName"
  },
  {
    "id": "a928c25a-5d3a-4431-97d9-6e0072373e60",
    "intentName": "testeest",
    "similarWord": "来源",
    "entityValue": "来源",
    "entityType": "PropertyName"
  },
  {
    "id": "ae06495f-71e1-49e2-a6d1-61c5ef7cc275",
    "intentName": "testeest",
    "similarWord": "性别",
    "entityValue": "性别",
    "entityType": "PropertyName"
  },
  {
    "id": "e1ee71cb-07c8-4b46-b4a1-bef50dac3692",
    "intentName": "testeest",
    "similarWord": "结局",
    "entityValue": "结局",
    "entityType": "PropertyName"
  },
  {
    "id": "1de2ca19-c69e-4a40-a052-0b97f858d270",
    "intentName": "testeest",
    "similarWord": "结局细节",
    "entityValue": "结局细节",
    "entityType": "PropertyName"
  },
  {
    "id": "3c5fa784-94e1-4431-9804-bbb771d045c3",
    "intentName": "testeest",
    "similarWord": "洞府",
    "entityValue": "洞府",
    "entityType": "PropertyName"
  },
  {
    "id": "6a205572-7f26-4339-923e-82c675d87462",
    "intentName": "testeest",
    "similarWord": "背景",
    "entityValue": "背景",
    "entityType": "PropertyName"
  },
  {
    "id": "5f28c480-0645-4491-8bb6-91a8af3e8a7a",
    "intentName": "testeest",
    "similarWord": "下级",
    "entityValue": "下级",
    "entityType": "RelationType"
  },
  {
    "id": "22bbc7fc-f7ab-4359-844b-f565ab0c723c",
    "intentName": "testeest",
    "similarWord": "上级",
    "entityValue": "上级",
    "entityType": "RelationType"
  },
  {
    "id": "1ee147cd-2fd4-4543-8c36-d91ad0bac8fd",
    "intentName": "testeest",
    "similarWord": "妻子",
    "entityValue": "妻子",
    "entityType": "RelationType"
  },
  {
    "id": "635e96c1-37f7-43dc-aef6-e1055709351c",
    "intentName": "testeest",
    "similarWord": "丈夫",
    "entityValue": "丈夫",
    "entityType": "RelationType"
  },
  {
    "id": "606c51a4-2abb-4935-bf76-531857001d52",
    "intentName": "testeest",
    "similarWord": "儿子",
    "entityValue": "儿子",
    "entityType": "RelationType"
  },
  {
    "id": "2a3c0e35-ecf6-446f-904b-dbffa3e9d1c9",
    "intentName": "testeest",
    "similarWord": "父亲",
    "entityValue": "父亲",
    "entityType": "RelationType"
  },
  {
    "id": "397c0cfe-2d89-49d0-b589-2b5abd0d68a5",
    "intentName": "testeest",
    "similarWord": "母亲",
    "entityValue": "母亲",
    "entityType": "RelationType"
  },
  {
    "id": "13ce431f-c5e1-4254-ae3c-2b78098b25af",
    "intentName": "testeest",
    "similarWord": "女儿",
    "entityValue": "女儿",
    "entityType": "RelationType"
  },
  {
    "id": "93ae22f7-6de6-4c00-8193-160363757c4e",
    "intentName": "testeest",
    "similarWord": "兄弟",
    "entityValue": "兄弟",
    "entityType": "RelationType"
  },
  {
    "id": "b5ee30ef-ade6-4902-95cb-722201dff471",
    "intentName": "testeest",
    "similarWord": "组成",
    "entityValue": "组成",
    "entityType": "RelationType"
  },
  {
    "id": "49545d18-c1c8-4a60-8a42-a992ead305a3",
    "intentName": "testeest",
    "similarWord": "孙子",
    "entityValue": "孙子",
    "entityType": "RelationType"
  },
  {
    "id": "d2f81fd9-e97f-4a60-8e33-2a99b11b606a",
    "intentName": "testeest",
    "similarWord": "祖父",
    "entityValue": "祖父",
    "entityType": "RelationType"
  },
  {
    "id": "bec9f010-97ae-4cde-b95a-466bef425aed",
    "intentName": "testeest",
    "similarWord": "亲戚",
    "entityValue": "亲戚",
    "entityType": "RelationType"
  },
  {
    "id": "a2ce1b96-e5a4-43b2-903d-bd1532ba46a8",
    "intentName": "testeest",
    "similarWord": "奴仆",
    "entityValue": "奴仆",
    "entityType": "RelationType"
  },
  {
    "id": "ff84f6e9-a85f-44e9-b10b-08a466269329",
    "intentName": "testeest",
    "similarWord": "主人",
    "entityValue": "主人",
    "entityType": "RelationType"
  },
  {
    "id": "f12a43b1-f443-425c-af1d-85c3138abc11",
    "intentName": "testeest",
    "similarWord": "杀死",
    "entityValue": "杀死",
    "entityType": "RelationType"
  },
  {
    "id": "4e164b13-c275-4a9f-99b5-704c72f3e29b",
    "intentName": "testeest",
    "similarWord": "打伤",
    "entityValue": "打伤",
    "entityType": "RelationType"
  },
  {
    "id": "09c2613b-606d-4ac7-80ec-48dc7f63205f",
    "intentName": "testeest",
    "similarWord": "收服",
    "entityValue": "收服",
    "entityType": "RelationType"
  }
]