[{"scenario":"testeest","labelsOfVertexes":[{"itemLabel":"user","color":"skuser1"},{"itemLabel":"datastoreName","color":"testXYJ"},{"itemLabel":"scenarioName","color":"testeest"},{"itemLabel":"和尚","color":"#800000"},{"itemLabel":"妖怪_活","color":"#FF4C94"},{"itemLabel":"妖怪_死","color":"#E83344"},{"itemLabel":"神仙_道派","color":"#009DDC"},{"itemLabel":"神仙_佛派","color":"#9DE7B7"},{"itemLabel":"团体_妖怪","color":"#F5A100"}],"relationTypesOfEdges":[{"itemLabel":"下级","color":"#FC8D61"},{"itemLabel":"上级","color":"#58FF91"},{"itemLabel":"妻子","color":"#E6157A"},{"itemLabel":"丈夫","color":"#2DF4AB"},{"itemLabel":"儿子","color":"#AF8FB1"},{"itemLabel":"父亲","color":"#D4087B"},{"itemLabel":"母亲","color":"#DD0687"},{"itemLabel":"女儿","color":"#4BFC10"},{"itemLabel":"兄弟","color":"#00D86C"},{"itemLabel":"组成","color":"#FD9F7F"},{"itemLabel":"孙子","color":"#0B2728"},{"itemLabel":"祖父","color":"#72D695"},{"itemLabel":"亲戚","color":"#9DE7B7"},{"itemLabel":"奴仆","color":"#EB19F5"},{"itemLabel":"主人","color":"#8DCC0D"},{"itemLabel":"杀死","color":"#7F0B92"},{"itemLabel":"打伤","color":"#F67C17"},{"itemLabel":"收服","color":"#4B6CB8"}]}]