﻿[
  {
    "id": "65c250bb-f4c6-4748-a980-5313e3f7914f",
    "intentName": "xxx",
    "similarWord": "唐三藏",
    "entityValue": "唐三藏",
    "entityType": "NodeName"
  },
  {
    "id": "4b11e923-3123-426f-8d7f-0b5bcfbb056e",
    "intentName": "xxx",
    "similarWord": "孙悟空",
    "entityValue": "孙悟空",
    "entityType": "NodeName"
  },
  {
    "id": "98351f73-da2a-4648-97d0-63e273c19ad7",
    "intentName": "xxx",
    "similarWord": "猪悟能",
    "entityValue": "猪悟能",
    "entityType": "NodeName"
  },
  {
    "id": "073457a7-c4f1-4f2f-88b3-0aedfaba70ea",
    "intentName": "xxx",
    "similarWord": "沙悟净",
    "entityValue": "沙悟净",
    "entityType": "NodeName"
  },
  {
    "id": "e4b234f5-360c-4511-9e6a-cd4ad68790a4",
    "intentName": "xxx",
    "similarWord": "白龙马",
    "entityValue": "白龙马",
    "entityType": "NodeName"
  },
  {
    "id": "3028c4bf-3158-4ccd-bcdd-90d87cb7e1bb",
    "intentName": "xxx",
    "similarWord": "黄眉大王",
    "entityValue": "黄眉大王",
    "entityType": "NodeName"
  },
  {
    "id": "a210a736-3f77-441b-9eb0-1d3c22cc3525",
    "intentName": "xxx",
    "similarWord": "赛太岁",
    "entityValue": "赛太岁",
    "entityType": "NodeName"
  },
  {
    "id": "5294f517-c2d7-4fc0-8e07-267c0c98144d",
    "intentName": "xxx",
    "similarWord": "青毛狮子",
    "entityValue": "青毛狮子",
    "entityType": "NodeName"
  },
  {
    "id": "717d02c8-8712-4057-b144-54280213497f",
    "intentName": "xxx",
    "similarWord": "黄牙老象",
    "entityValue": "黄牙老象",
    "entityType": "NodeName"
  },
  {
    "id": "fb13e63c-f457-4390-bed9-9bf55380cdda",
    "intentName": "xxx",
    "similarWord": "金翅大鹏雕",
    "entityValue": "金翅大鹏雕",
    "entityType": "NodeName"
  },
  {
    "id": "d6cd93bb-2874-4a16-aa51-fc1a746d6f9f",
    "intentName": "xxx",
    "similarWord": "狮猁怪",
    "entityValue": "狮猁怪",
    "entityType": "NodeName"
  },
  {
    "id": "e4b1889e-8b43-418f-866b-24d2bb0ad2ba",
    "intentName": "xxx",
    "similarWord": "黄风怪",
    "entityValue": "黄风怪",
    "entityType": "NodeName"
  },
  {
    "id": "3399d289-c6fb-4b3f-b37f-249d97827040",
    "intentName": "xxx",
    "similarWord": "灵感大王",
    "entityValue": "灵感大王",
    "entityType": "NodeName"
  },
  {
    "id": "b523814b-58a6-4aa2-9089-978b1a3e56dd",
    "intentName": "xxx",
    "similarWord": "蝎子精",
    "entityValue": "蝎子精",
    "entityType": "NodeName"
  },
  {
    "id": "94a217ba-7c94-44e9-a74e-3ff8170e7357",
    "intentName": "xxx",
    "similarWord": "金鼻白毛老鼠精",
    "entityValue": "金鼻白毛老鼠精",
    "entityType": "NodeName"
  },
  {
    "id": "48216103-bfd4-4da9-ba0f-cbac2298573d",
    "intentName": "xxx",
    "similarWord": "独角兕大王",
    "entityValue": "独角兕大王",
    "entityType": "NodeName"
  },
  {
    "id": "bfd9df09-c628-436a-a69d-3b85a9bcea00",
    "intentName": "xxx",
    "similarWord": "九灵元圣",
    "entityValue": "九灵元圣",
    "entityType": "NodeName"
  },
  {
    "id": "8d763889-ab4c-4c91-9e36-cb64e1ff7f01",
    "intentName": "xxx",
    "similarWord": "金角大王",
    "entityValue": "金角大王",
    "entityType": "NodeName"
  },
  {
    "id": "f61f8dff-eb38-457e-9154-c06080ca9eb3",
    "intentName": "xxx",
    "similarWord": "银角大王",
    "entityValue": "银角大王",
    "entityType": "NodeName"
  },
  {
    "id": "8f11365d-662f-4797-841c-cc2f7d93aae1",
    "intentName": "xxx",
    "similarWord": "黄袍怪",
    "entityValue": "黄袍怪",
    "entityType": "NodeName"
  },
  {
    "id": "56e91e83-6339-43d3-be99-43eb427c77fa",
    "intentName": "xxx",
    "similarWord": "玉兔精",
    "entityValue": "玉兔精",
    "entityType": "NodeName"
  },
  {
    "id": "699da6ff-6c36-4a0a-a326-9849697456f0",
    "intentName": "xxx",
    "similarWord": "鼍龙",
    "entityValue": "鼍龙",
    "entityType": "NodeName"
  },
  {
    "id": "b85b4b07-1aa5-452d-99ac-a67830b21b1c",
    "intentName": "xxx",
    "similarWord": "白鹿精",
    "entityValue": "白鹿精",
    "entityType": "NodeName"
  },
  {
    "id": "519bcdc6-ac51-4bd6-b4cf-cb79043c26fe",
    "intentName": "xxx",
    "similarWord": "白骨夫人",
    "entityValue": "白骨夫人",
    "entityType": "NodeName"
  },
  {
    "id": "8976ddc1-a5d7-4f86-838c-d4517ce1a0d3",
    "intentName": "xxx",
    "similarWord": "虎力大仙",
    "entityValue": "虎力大仙",
    "entityType": "NodeName"
  },
  {
    "id": "8d700b44-2926-4d37-815f-718376618f06",
    "intentName": "xxx",
    "similarWord": "鹿力大仙",
    "entityValue": "鹿力大仙",
    "entityType": "NodeName"
  },
  {
    "id": "68938831-44b8-4b07-9316-fa3b09ed0281",
    "intentName": "xxx",
    "similarWord": "羊力大仙",
    "entityValue": "羊力大仙",
    "entityType": "NodeName"
  },
  {
    "id": "64279dc0-5daa-4a8d-a5a7-a64563ea0bf0",
    "intentName": "xxx",
    "similarWord": "南山大王",
    "entityValue": "南山大王",
    "entityType": "NodeName"
  },
  {
    "id": "f4385578-9251-41a6-89bc-3d773919e6c7",
    "intentName": "xxx",
    "similarWord": "辟寒大王",
    "entityValue": "辟寒大王",
    "entityType": "NodeName"
  },
  {
    "id": "82cb30b6-0c72-487c-9de2-f29431e893ea",
    "intentName": "xxx",
    "similarWord": "辟暑大王",
    "entityValue": "辟暑大王",
    "entityType": "NodeName"
  },
  {
    "id": "8de95771-8ff8-4c79-861c-8844dfc70b37",
    "intentName": "xxx",
    "similarWord": "辟尘大王",
    "entityValue": "辟尘大王",
    "entityType": "NodeName"
  },
  {
    "id": "2d097e93-57bf-4b68-b12a-58ba51dd5180",
    "intentName": "xxx",
    "similarWord": "玉面狐狸",
    "entityValue": "玉面狐狸",
    "entityType": "NodeName"
  },
  {
    "id": "514edd62-9a51-45fc-a539-aaab14251452",
    "intentName": "xxx",
    "similarWord": "万圣公主",
    "entityValue": "万圣公主",
    "entityType": "NodeName"
  },
  {
    "id": "472117f7-d339-48be-9b34-62215fdae815",
    "intentName": "xxx",
    "similarWord": "蟒蛇精",
    "entityValue": "蟒蛇精",
    "entityType": "NodeName"
  },
  {
    "id": "d5f6526e-c35f-45f6-81f5-9bb2577168fa",
    "intentName": "xxx",
    "similarWord": "蜘蛛精",
    "entityValue": "蜘蛛精",
    "entityType": "NodeName"
  },
  {
    "id": "0f3cb58d-09e8-4b22-815c-2042429b5db9",
    "intentName": "xxx",
    "similarWord": "六耳猕猴",
    "entityValue": "六耳猕猴",
    "entityType": "NodeName"
  },
  {
    "id": "f3411df9-4b1f-4625-9ec0-39c707434856",
    "intentName": "xxx",
    "similarWord": "白面狐狸",
    "entityValue": "白面狐狸",
    "entityType": "NodeName"
  },
  {
    "id": "a2aaf4a7-d66b-4525-980c-6652d276c125",
    "intentName": "xxx",
    "similarWord": "熊罴怪",
    "entityValue": "熊罴怪",
    "entityType": "NodeName"
  },
  {
    "id": "20e0b14c-b285-4d73-b2ff-b39a5368e620",
    "intentName": "xxx",
    "similarWord": "红孩儿",
    "entityValue": "红孩儿",
    "entityType": "NodeName"
  },
  {
    "id": "1896275c-92da-433a-9640-0a31ea3494f6",
    "intentName": "xxx",
    "similarWord": "多目怪",
    "entityValue": "多目怪",
    "entityType": "NodeName"
  },
  {
    "id": "7c00c50c-0420-49b3-8854-66ee29ac46b6",
    "intentName": "xxx",
    "similarWord": "铁扇公主",
    "entityValue": "铁扇公主",
    "entityType": "NodeName"
  },
  {
    "id": "81b28af0-0f0d-4751-a510-243a6dbc2ed1",
    "intentName": "xxx",
    "similarWord": "牛魔王",
    "entityValue": "牛魔王",
    "entityType": "NodeName"
  },
  {
    "id": "383504cc-480c-4561-9736-7bc1e5011ea3",
    "intentName": "xxx",
    "similarWord": "九头虫",
    "entityValue": "九头虫",
    "entityType": "NodeName"
  },
  {
    "id": "6db9d8f7-464a-4656-99ea-aa3f20648a33",
    "intentName": "xxx",
    "similarWord": "杏仙",
    "entityValue": "杏仙",
    "entityType": "NodeName"
  },
  {
    "id": "bc4ced3a-900b-49c3-abf4-2f3fe92429f0",
    "intentName": "xxx",
    "similarWord": "孤直公",
    "entityValue": "孤直公",
    "entityType": "NodeName"
  },
  {
    "id": "3d08ded3-96e2-42c1-a6f7-a53116e68a87",
    "intentName": "xxx",
    "similarWord": "浮云叟",
    "entityValue": "浮云叟",
    "entityType": "NodeName"
  },
  {
    "id": "931ff07c-8e65-4a87-a6d2-ab0a36b4dd26",
    "intentName": "xxx",
    "similarWord": "凌空子",
    "entityValue": "凌空子",
    "entityType": "NodeName"
  },
  {
    "id": "651e2835-dd4c-44e5-85e3-1980cd68f45f",
    "intentName": "xxx",
    "similarWord": "黄狮精",
    "entityValue": "黄狮精",
    "entityType": "NodeName"
  },
  {
    "id": "addcbbc0-edfd-4fd8-b93d-0c7b2114bdd3",
    "intentName": "xxx",
    "similarWord": "万圣龙王",
    "entityValue": "万圣龙王",
    "entityType": "NodeName"
  },
  {
    "id": "190a967c-a83c-4659-827d-15779250baa3",
    "intentName": "xxx",
    "similarWord": "六狮",
    "entityValue": "六狮",
    "entityType": "NodeName"
  },
  {
    "id": "4a0af565-0f40-43c3-955f-5a0f6c6ce3ee",
    "intentName": "xxx",
    "similarWord": "如意真仙",
    "entityValue": "如意真仙",
    "entityType": "NodeName"
  },
  {
    "id": "8342c247-8ca4-458d-bf7c-ca010093b377",
    "intentName": "xxx",
    "similarWord": "太阴星君",
    "entityValue": "太阴星君",
    "entityType": "NodeName"
  },
  {
    "id": "3ceadf0f-2f95-4ff1-8175-bfdca0653aa9",
    "intentName": "xxx",
    "similarWord": "太上老君",
    "entityValue": "太上老君",
    "entityType": "NodeName"
  },
  {
    "id": "fa1f8a54-971d-4a02-b1ca-3db63586d509",
    "intentName": "xxx",
    "similarWord": "观音菩萨",
    "entityValue": "观音菩萨",
    "entityType": "NodeName"
  },
  {
    "id": "8ec38c2a-beee-4101-ad0c-262212aa6f11",
    "intentName": "xxx",
    "similarWord": "文殊菩萨",
    "entityValue": "文殊菩萨",
    "entityType": "NodeName"
  },
  {
    "id": "237bfed0-9cdb-4f71-aeb8-9f851062ecb4",
    "intentName": "xxx",
    "similarWord": "普贤菩萨",
    "entityValue": "普贤菩萨",
    "entityType": "NodeName"
  },
  {
    "id": "c8443b92-2bc4-491a-ae24-1257a028f54a",
    "intentName": "xxx",
    "similarWord": "灵吉菩萨",
    "entityValue": "灵吉菩萨",
    "entityType": "NodeName"
  },
  {
    "id": "8f93b017-0ae9-4a90-a79b-121b6603ac23",
    "intentName": "xxx",
    "similarWord": "如来佛祖",
    "entityValue": "如来佛祖",
    "entityType": "NodeName"
  },
  {
    "id": "1c9a86dd-2476-4a2b-ab55-8785691d1c7c",
    "intentName": "xxx",
    "similarWord": "太乙救苦天尊",
    "entityValue": "太乙救苦天尊",
    "entityType": "NodeName"
  },
  {
    "id": "410d05f0-e362-47a6-9175-44297a8745c0",
    "intentName": "xxx",
    "similarWord": "寿星",
    "entityValue": "寿星",
    "entityType": "NodeName"
  },
  {
    "id": "d08697cb-813a-4ce3-937f-623d4c280671",
    "intentName": "xxx",
    "similarWord": "西海龙王",
    "entityValue": "西海龙王",
    "entityType": "NodeName"
  },
  {
    "id": "158e8b1d-f5b3-458d-8558-7835791003d9",
    "intentName": "xxx",
    "similarWord": "摩昂太子",
    "entityValue": "摩昂太子",
    "entityType": "NodeName"
  },
  {
    "id": "53d23776-9651-47ec-b553-7a259dab83eb",
    "intentName": "xxx",
    "similarWord": "哪吒",
    "entityValue": "哪吒",
    "entityType": "NodeName"
  },
  {
    "id": "c059fb82-bc72-48ac-8b28-6a050fbcca8d",
    "intentName": "xxx",
    "similarWord": "木吒",
    "entityValue": "木吒",
    "entityType": "NodeName"
  },
  {
    "id": "fed9ab75-d123-4285-9e92-1b76fcb86319",
    "intentName": "xxx",
    "similarWord": "卯日星官",
    "entityValue": "卯日星官",
    "entityType": "NodeName"
  },
  {
    "id": "cf6c5664-8ab6-40a9-b2bd-8365b5bd7a19",
    "intentName": "xxx",
    "similarWord": "毗蓝婆菩萨",
    "entityValue": "毗蓝婆菩萨",
    "entityType": "NodeName"
  },
  {
    "id": "1df5d962-5540-40aa-adc6-9b71f8ecf0aa",
    "intentName": "xxx",
    "similarWord": "孔雀大明王菩萨",
    "entityValue": "孔雀大明王菩萨",
    "entityType": "NodeName"
  },
  {
    "id": "db815554-4452-4ded-8b4c-87e877a12467",
    "intentName": "xxx",
    "similarWord": "托塔天王",
    "entityValue": "托塔天王",
    "entityType": "NodeName"
  },
  {
    "id": "f427ba6f-62e2-4564-86e7-8944bc8fbad8",
    "intentName": "xxx",
    "similarWord": "玉皇大帝",
    "entityValue": "玉皇大帝",
    "entityType": "NodeName"
  },
  {
    "id": "0881db11-7d84-4faf-bd16-af965296c9ae",
    "intentName": "xxx",
    "similarWord": "弥勒佛",
    "entityValue": "弥勒佛",
    "entityType": "NodeName"
  },
  {
    "id": "8883a70e-fb7d-43d2-a919-1f3ed5622d1e",
    "intentName": "xxx",
    "similarWord": "二郎神",
    "entityValue": "二郎神",
    "entityType": "NodeName"
  },
  {
    "id": "2674d7ef-4add-46c9-b1f6-427c124a47a8",
    "intentName": "xxx",
    "similarWord": "太白金星",
    "entityValue": "太白金星",
    "entityType": "NodeName"
  },
  {
    "id": "1e93f473-4445-4b42-9911-b31bb6c0180a",
    "intentName": "xxx",
    "similarWord": "车迟集团",
    "entityValue": "车迟集团",
    "entityType": "NodeName"
  },
  {
    "id": "d02ab6c3-d838-48a0-ac98-417e03e78f17",
    "intentName": "xxx",
    "similarWord": "狮驼集团",
    "entityValue": "狮驼集团",
    "entityType": "NodeName"
  },
  {
    "id": "67db78fa-ee30-445f-9d4e-07ff08093d1b",
    "intentName": "xxx",
    "similarWord": "昆虫集团",
    "entityValue": "昆虫集团",
    "entityType": "NodeName"
  },
  {
    "id": "4516957a-605c-4c9c-b7a5-0df08d893256",
    "intentName": "xxx",
    "similarWord": "西天同学会",
    "entityValue": "西天同学会",
    "entityType": "NodeName"
  },
  {
    "id": "e02b0da9-d9dd-4c14-8b36-c9f82b320fb7",
    "intentName": "xxx",
    "similarWord": "木仙庵",
    "entityValue": "木仙庵",
    "entityType": "NodeName"
  },
  {
    "id": "857f215f-5b6d-4257-9d83-bf394d6b03bb",
    "intentName": "xxx",
    "similarWord": "井木犴",
    "entityValue": "井木犴",
    "entityType": "NodeName"
  },
  {
    "id": "034dc585-b7ae-4775-9642-94c8e0002d8f",
    "intentName": "xxx",
    "similarWord": "别称",
    "entityValue": "别称",
    "entityType": "PropertyName"
  },
  {
    "id": "deb906d6-dd8b-488b-b9c2-dcd31e85082a",
    "intentName": "xxx",
    "similarWord": "原形",
    "entityValue": "原形",
    "entityType": "PropertyName"
  },
  {
    "id": "93469d35-b4ae-4868-8295-e72e766eff96",
    "intentName": "xxx",
    "similarWord": "所在地",
    "entityValue": "所在地",
    "entityType": "PropertyName"
  },
  {
    "id": "1ba1876b-7158-4712-8b0a-63ea6b6d4364",
    "intentName": "xxx",
    "similarWord": "来源",
    "entityValue": "来源",
    "entityType": "PropertyName"
  },
  {
    "id": "3d0b8e07-7f21-4268-b7d9-089389f6fe76",
    "intentName": "xxx",
    "similarWord": "性别",
    "entityValue": "性别",
    "entityType": "PropertyName"
  },
  {
    "id": "bccedfbc-ff62-4d65-b537-bb281cfa6511",
    "intentName": "xxx",
    "similarWord": "结局",
    "entityValue": "结局",
    "entityType": "PropertyName"
  },
  {
    "id": "e7b04577-69c9-4c03-9129-cc57a08dde2c",
    "intentName": "xxx",
    "similarWord": "结局细节",
    "entityValue": "结局细节",
    "entityType": "PropertyName"
  },
  {
    "id": "35381ce6-92e0-4495-902d-9114d87873f1",
    "intentName": "xxx",
    "similarWord": "洞府",
    "entityValue": "洞府",
    "entityType": "PropertyName"
  },
  {
    "id": "09bf1d40-cb68-44ba-890c-24baf9ad63fa",
    "intentName": "xxx",
    "similarWord": "背景",
    "entityValue": "背景",
    "entityType": "PropertyName"
  },
  {
    "id": "3ed2c020-5bb6-4a30-93ea-e7f5d2120d15",
    "intentName": "xxx",
    "similarWord": "下级",
    "entityValue": "下级",
    "entityType": "RelationType"
  },
  {
    "id": "be87729a-d3ba-46f6-8710-c8bf9657bbaf",
    "intentName": "xxx",
    "similarWord": "上级",
    "entityValue": "上级",
    "entityType": "RelationType"
  },
  {
    "id": "1a85a336-6686-4aa6-8ca2-9dec7e8e1508",
    "intentName": "xxx",
    "similarWord": "妻子",
    "entityValue": "妻子",
    "entityType": "RelationType"
  },
  {
    "id": "fc16b5ad-fdaa-463a-b2bb-f03f423a17d4",
    "intentName": "xxx",
    "similarWord": "丈夫",
    "entityValue": "丈夫",
    "entityType": "RelationType"
  },
  {
    "id": "ba4c042c-c63d-46e6-a800-83c47ed752a6",
    "intentName": "xxx",
    "similarWord": "儿子",
    "entityValue": "儿子",
    "entityType": "RelationType"
  },
  {
    "id": "6a7fe694-61ac-41f7-b646-d430f22861be",
    "intentName": "xxx",
    "similarWord": "父亲",
    "entityValue": "父亲",
    "entityType": "RelationType"
  },
  {
    "id": "8b47f98b-4ec4-4d7c-b460-fbf9b31f6427",
    "intentName": "xxx",
    "similarWord": "母亲",
    "entityValue": "母亲",
    "entityType": "RelationType"
  },
  {
    "id": "bf863db0-8f35-4d26-a575-0c32dfca568e",
    "intentName": "xxx",
    "similarWord": "女儿",
    "entityValue": "女儿",
    "entityType": "RelationType"
  },
  {
    "id": "53857643-7f4e-4723-b6d9-b0780b1f51ed",
    "intentName": "xxx",
    "similarWord": "兄弟",
    "entityValue": "兄弟",
    "entityType": "RelationType"
  },
  {
    "id": "6883fb2f-1c1e-4d90-815c-e2234454b799",
    "intentName": "xxx",
    "similarWord": "组成",
    "entityValue": "组成",
    "entityType": "RelationType"
  },
  {
    "id": "0b16014a-1755-463b-97b8-d4959d17a166",
    "intentName": "xxx",
    "similarWord": "孙子",
    "entityValue": "孙子",
    "entityType": "RelationType"
  },
  {
    "id": "a765ddcf-1f12-49fd-a823-bd3db62a4b10",
    "intentName": "xxx",
    "similarWord": "祖父",
    "entityValue": "祖父",
    "entityType": "RelationType"
  },
  {
    "id": "3ec3d918-d635-4ae0-9008-27fef47361dc",
    "intentName": "xxx",
    "similarWord": "亲戚",
    "entityValue": "亲戚",
    "entityType": "RelationType"
  },
  {
    "id": "0e840290-3fb7-430f-8a26-d415295889df",
    "intentName": "xxx",
    "similarWord": "奴仆",
    "entityValue": "奴仆",
    "entityType": "RelationType"
  },
  {
    "id": "3c686197-99d6-4e75-8ab0-65cbbb2e9f51",
    "intentName": "xxx",
    "similarWord": "主人",
    "entityValue": "主人",
    "entityType": "RelationType"
  },
  {
    "id": "3c9f34ec-bbb3-462f-a840-23ee6dd88386",
    "intentName": "xxx",
    "similarWord": "杀死",
    "entityValue": "杀死",
    "entityType": "RelationType"
  },
  {
    "id": "b0a11cee-9e68-4c92-8141-a2167a066e9f",
    "intentName": "xxx",
    "similarWord": "打伤",
    "entityValue": "打伤",
    "entityType": "RelationType"
  },
  {
    "id": "dfef9d6a-69ae-448f-986e-edc675a3bb20",
    "intentName": "xxx",
    "similarWord": "收服",
    "entityValue": "收服",
    "entityType": "RelationType"
  }
]